{
	"info": {
		"_postman_id": "8dcdbd91-8fff-4b28-b75d-924452d7b14f",
		"name": "Upgrad Ecommerce",
		"schema": "https://schema.getpostman.com/json/collection/v2.1.0/collection.json",
		"_exporter_id": "2242205"
	},
	"item": [
		{
			"name": "Products",
			"item": [
				{
					"name": "Create Product",
					"request": {
						"method": "POST",
						"header": [
							{
								"key": "x-auth-token",
								"value": "{{token}}",
								"type": "text"
							}
						],
						"body": {
							"mode": "raw",
							"raw": "{\n    \"name\": \"Pants\",\n    \"category\": \"Pants\",\n    \"price\": 500,\n    \"description\": \"Its not a pant, its your partner\",\n    \"manufacturer\": \"Louis Phillipe\",\n    \"availableItems\": 100\n}",
							"options": {
								"raw": {
									"language": "json"
								}
							}
						},
						"url": {
							"raw": "https://dev-project-ecommerce.upgrad.dev/api/products",
							"protocol": "http",
							"host": [
								"localhost"
							],
							"port": "8080",
							"path": [
								"api",
								"products"
							]
						}
					},
					"response": []
				},
				{
					"name": "Update Product",
					"request": {
						"method": "PUT",
						"header": [
							{
								"key": "",
								"value": "",
								"type": "text",
								"disabled": true
							},
							{
								"key": "x-auth-token",
								"value": "{{token}}",
								"type": "text"
							}
						],
						"body": {
							"mode": "raw",
							"raw": "{\n    \"id\": \"64e5d487ae2bb51b4b7e6e61\",\n    \"name\": \"Sports Shoes By Reebok123\",\n    \"category\": \"Shoes\",\n    \"price\": 500,\n    \"description\": \"Its not a shoe, its your partner\",\n    \"manufacturer\": \"Reebok\",\n    \"availableItems\": 100\n}",
							"options": {
								"raw": {
									"language": "json"
								}
							}
						},
						"url": {
							"raw": "https://dev-project-ecommerce.upgrad.dev/api/products/:id",
							"protocol": "http",
							"host": [
								"localhost"
							],
							"port": "8080",
							"path": [
								"api",
								"products",
								":id"
							],
							"variable": [
								{
									"key": "id",
									"value": "64e5d487ae2bb51b4b7e6e61"
								}
							]
						}
					},
					"response": []
				},
				{
					"name": "Get Categories",
					"protocolProfileBehavior": {
						"disableBodyPruning": true
					},
					"request": {
						"method": "GET",
						"header": [
							{
								"key": "x-auth-token",
								"value": "{{token}}",
								"type": "text"
							}
						],
						"body": {
							"mode": "raw",
							"raw": "",
							"options": {
								"raw": {
									"language": "json"
								}
							}
						},
						"url": {
							"raw": "https://dev-project-ecommerce.upgrad.dev/api/products/categories",
							"protocol": "http",
							"host": [
								"localhost"
							],
							"port": "8080",
							"path": [
								"api",
								"products",
								"categories"
							]
						}
					},
					"response": []
				},
				{
					"name": "Get Product",
					"request": {
						"method": "GET",
						"header": [
							{
								"key": "x-auth-token",
								"value": "{{token}}",
								"type": "text"
							}
						],
						"url": {
							"raw": "https://dev-project-ecommerce.upgrad.dev/api/products/:id",
							"protocol": "http",
							"host": [
								"localhost"
							],
							"port": "8080",
							"path": [
								"api",
								"products",
								":id"
							],
							"variable": [
								{
									"key": "id",
									"value": "64e5d487ae2bb51b4b7e6e61"
								}
							]
						}
					},
					"response": []
				}
			]
		},
		{
			"name": "Address",
			"item": [
				{
					"name": "Create Address",
					"request": {
						"method": "POST",
						"header": [
							{
								"key": "x-auth-token",
								"value": "{{token}}",
								"type": "text"
							}
						],
						"body": {
							"mode": "raw",
							"raw": "{\n    \"name\": \"SomeAddress\",\n    \"contactNumber\": \"123324234234\",\n    \"city\": \"Delhi\",\n    \"landmark\": \"Dilli Haat\",\n    \"street\": \"Some Street\",\n    \"state\": \"Delhi\",\n    \"zipcode\": \"123456\"\n}",
							"options": {
								"raw": {
									"language": "json"
								}
							}
						},
						"url": {
							"raw": "https://dev-project-ecommerce.upgrad.dev/api/addresses",
							"protocol": "http",
							"host": [
								"localhost"
							],
							"port": "8080",
							"path": [
								"api",
								"addresses"
							]
						}
					},
					"response": []
				},
				{
					"name": "Update Address",
					"request": {
						"method": "PUT",
						"header": [
							{
								"key": "",
								"value": "",
								"type": "text",
								"disabled": true
							},
							{
								"key": "x-auth-token",
								"value": "{{token}}",
								"type": "text"
							}
						],
						"body": {
							"mode": "raw",
							"raw": "{\n    \"name\": \"SomeAddress\",\n    \"contactNumber\": \"123324234234\",\n    \"city\": \"Delhi\",\n    \"landmark\": \"Dilli Haat\",\n    \"street\": \"Some Street\",\n    \"state\": \"Delhi\",\n    \"zipcode\": \"123456\"\n}",
							"options": {
								"raw": {
									"language": "json"
								}
							}
						},
						"url": {
							"raw": "https://dev-project-ecommerce.upgrad.dev/api/addresses/:id",
							"protocol": "http",
							"host": [
								"localhost"
							],
							"port": "8080",
							"path": [
								"api",
								"addresses",
								":id"
							],
							"variable": [
								{
									"key": "id",
									"value": "64e5fc6a2122c31e8edc4a18"
								}
							]
						}
					},
					"response": []
				},
				{
					"name": "Get All Addresses",
					"protocolProfileBehavior": {
						"disableBodyPruning": true
					},
					"request": {
						"method": "GET",
						"header": [
							{
								"key": "x-auth-token",
								"value": "{{token}}",
								"type": "text"
							}
						],
						"body": {
							"mode": "raw",
							"raw": "",
							"options": {
								"raw": {
									"language": "json"
								}
							}
						},
						"url": {
							"raw": "https://dev-project-ecommerce.upgrad.dev/api/addresses",
							"protocol": "http",
							"host": [
								"localhost"
							],
							"port": "8080",
							"path": [
								"api",
								"addresses"
							]
						}
					},
					"response": []
				},
				{
					"name": "Get Address",
					"protocolProfileBehavior": {
						"disableBodyPruning": true
					},
					"request": {
						"method": "GET",
						"header": [
							{
								"key": "x-auth-token",
								"value": "{{token}}",
								"type": "text"
							}
						],
						"body": {
							"mode": "raw",
							"raw": "",
							"options": {
								"raw": {
									"language": "json"
								}
							}
						},
						"url": {
							"raw": "https://dev-project-ecommerce.upgrad.dev/api/addresses/:id",
							"protocol": "http",
							"host": [
								"localhost"
							],
							"port": "8080",
							"path": [
								"api",
								"addresses",
								":id"
							],
							"variable": [
								{
									"key": "id",
									"value": ""
								}
							]
						}
					},
					"response": []
				}
			]
		},
		{
			"name": "Orders",
			"item": [
				{
					"name": "Create Order",
					"request": {
						"method": "POST",
						"header": [
							{
								"key": "x-auth-token",
								"value": "{{token}}",
								"type": "text"
							}
						],
						"body": {
							"mode": "raw",
							"raw": "{\n    \"quantity\": 5,\n    \"product\": \"product_id\",\n    \"address\": \"address_id\"\n}",
							"options": {
								"raw": {
									"language": "json"
								}
							}
						},
						"url": {
							"raw": "https://dev-project-ecommerce.upgrad.dev/api/orders",
							"protocol": "http",
							"host": [
								"localhost"
							],
							"port": "8080",
							"path": [
								"api",
								"orders"
							]
						}
					},
					"response": []
				},
				{
					"name": "Get All Orders",
					"protocolProfileBehavior": {
						"disableBodyPruning": true
					},
					"request": {
						"method": "GET",
						"header": [
							{
								"key": "x-auth-token",
								"value": "{{token}}",
								"type": "text"
							}
						],
						"body": {
							"mode": "raw",
							"raw": "",
							"options": {
								"raw": {
									"language": "json"
								}
							}
						},
						"url": {
							"raw": "https://dev-project-ecommerce.upgrad.dev/api/orders",
							"protocol": "http",
							"host": [
								"localhost"
							],
							"port": "8080",
							"path": [
								"api",
								"orders"
							]
						}
					},
					"response": []
				},
				{
					"name": "Get Order",
					"protocolProfileBehavior": {
						"disableBodyPruning": true
					},
					"request": {
						"method": "GET",
						"header": [
							{
								"key": "x-auth-token",
								"value": "{{token}}",
								"type": "text"
							}
						],
						"body": {
							"mode": "raw",
							"raw": "",
							"options": {
								"raw": {
									"language": "json"
								}
							}
						},
						"url": {
							"raw": "https://dev-project-ecommerce.upgrad.dev/api/orders/:id",
							"protocol": "http",
							"host": [
								"localhost"
							],
							"port": "8080",
							"path": [
								"api",
								"orders",
								":id"
							],
							"variable": [
								{
									"key": "id",
									"value": ""
								}
							]
						}
					},
					"response": []
				}
			]
		},
		{
			"name": "Sign-Up",
			"request": {
				"method": "POST",
				"header": [],
				"body": {
					"mode": "raw",
					"raw": "{\n    \"email\": \"admin@demo.com\",\n    \"password\": \"password\",\n    \"firstName\": \"Mohinish\",\n    \"role\": [\"admin\"],\n    \"lastName\": \"Joshi\",\n    \"contactNumber\": \"1234567890\"\n}",
					"options": {
						"raw": {
							"language": "json"
						}
					}
				},
				"url": {
					"raw": "https://dev-project-ecommerce.upgrad.dev/api/auth/signup",
					"protocol": "http",
					"host": [
						"localhost"
					],
					"port": "8080",
					"path": [
						"api",
						"auth",
						"signup"
					]
				}
			},
			"response": []
		},
		{
			"name": "Sign-In",
			"request": {
				"method": "POST",
				"header": [],
				"body": {
					"mode": "raw",
					"raw": "{\n    \"username\": \"admin@demo.com\",\n    \"password\": \"password\"\n}",
					"options": {
						"raw": {
							"language": "json"
						}
					}
				},
				"url": {
					"raw": "https://dev-project-ecommerce.upgrad.dev/api/auth/signin",
					"protocol": "http",
					"host": [
						"localhost"
					],
					"port": "8080",
					"path": [
						"api",
						"auth",
						"signin"
					]
				}
			},
			"response": []
		}
	]
}